area_sqft,bedrooms,bathrooms,floors,garage_spaces,year_built,house_age,has_pool,has_garden,distance_to_center_km,neighborhood,price
4031,5,1.0,1,2.0,2014,10,1,1,2.8284307236331636,Waterfront,850964
4951,3,3.0,1,1.0,2007,17,0,1,6.154303905493093,Historic,765757
3435,2,3.0,3,1.0,2002,22,1,0,14.499058329677409,Countryside,368210
4376,3,4.0,1,2.0,1950,74,0,1,11.163870919743456,Historic,642154
626,2,4.0,3,2.0,2015,9,1,0,11.082447076609913,Historic,154214
3677,3,4.0,1,0.0,1978,46,1,0,16.113389720235908,Suburbs,414554
3556,2,1.0,2,2.0,2019,5,0,0,17.739679686888994,Countryside,334214
1103,6,1.0,3,2.0,1957,67,1,1,24.007416323147638,Countryside,90575
3949,4,4.0,3,2.0,1978,46,1,0,10.558513622143298,Countryside,422448
4646,2,2.0,1,0.0,2000,24,1,0,24.261255349697308,Historic,645705
4033,2,3.0,3,2.0,1982,42,1,1,10.48903125882266,Waterfront,763944
3867,1,3.0,3,2.0,1952,72,0,1,2.135273173766398,Countryside,412620
3868,2,1.0,2,0.0,2009,15,1,0,16.84853570464134,Historic,544783
4297,1,3.0,2,2.0,1984,40,1,0,17.84311858439703,Suburbs,517703
2292,5,2.0,1,2.0,2018,6,0,1,28.06893724584487,Waterfront,404713
3361,6,3.0,2,0.0,1969,55,1,1,21.918809118842994,Suburbs,390365
3976,1,,1,1.0,2022,2,1,1,27.574293248585967,Waterfront,666850
3917,4,1.0,1,0.0,1988,36,1,0,27.296242702168783,Historic,551242
2145,6,2.0,1,2.0,1953,71,1,0,18.334936252618142,Downtown,364212
1705,1,2.0,3,2.0,1968,56,0,0,16.0689809274252,Waterfront,251261
3530,6,3.0,2,2.0,1994,30,1,1,16.944508531326196,Suburbs,485885
3372,6,3.0,1,0.0,1992,32,0,0,29.36075882647881,Historic,444582
3572,6,1.0,2,2.0,1962,62,1,1,23.308446906535288,Waterfront,657722
2354,5,2.0,1,2.0,1962,62,1,0,3.6348441913756773,Downtown,472822
4521,4,2.0,2,0.0,2009,15,1,1,23.463638000051297,Downtown,777743
3208,3,2.0,2,1.0,2006,18,0,0,5.530872442497664,Countryside,323486
4002,3,3.0,1,1.0,2001,23,1,0,13.696841195665957,Countryside,406635
1832,1,2.0,3,2.0,2002,22,1,1,6.708560329207761,Suburbs,289072
701,6,1.0,2,0.0,1992,32,0,1,20.842700433230277,Waterfront,104458
4007,1,1.0,3,2.0,2021,3,0,0,26.380637217694552,Waterfront,638964
4712,5,3.0,3,0.0,2021,3,0,1,9.065675618317089,Countryside,505856
1074,5,4.0,1,0.0,1991,33,0,1,2.919316865641535,Waterfront,311477
1036,2,3.0,1,1.0,1975,49,1,0,9.305546393211417,Waterfront,211244
2125,5,4.0,1,1.0,1972,52,1,1,20.334674808999733,Downtown,390823
2622,2,2.0,2,0.0,1992,32,1,0,10.198423762856274,Countryside,256398
885,4,3.0,1,,1977,47,1,0,8.704308942837201,Historic,205725
3781,1,1.0,1,1.0,1958,66,0,1,5.9408381222358155,Countryside,352351
974,4,2.0,2,2.0,1969,55,1,1,15.176734592795789,Historic,174621
917,5,1.0,2,1.0,2005,19,1,0,8.640490430637033,Downtown,238528
4100,4,2.0,1,1.0,1988,36,1,0,22.064805299614754,Suburbs,479541
1454,4,3.0,1,2.0,2000,24,1,0,2.76036085876998,Waterfront,354527
1705,4,4.0,1,1.0,1961,63,0,0,20.088974476783868,Downtown,270600
4620,5,2.0,1,1.0,2004,20,1,0,7.5080204297492115,Waterfront,904440
2490,6,4.0,3,2.0,1960,64,1,0,14.933738201022292,Suburbs,334366
4072,4,2.0,3,1.0,1975,49,1,1,8.939652699922188,Suburbs,567821
4880,2,1.0,1,1.0,1991,33,0,1,21.82167594231847,Downtown,768210
4658,5,1.0,3,1.0,1976,48,0,1,28.386557687423284,Suburbs,538213
3213,4,2.0,2,2.0,1960,64,1,0,27.55376499435949,Historic,438321
2703,6,4.0,3,0.0,1987,37,1,1,17.711073346750688,Suburbs,356431
3620,5,3.0,3,2.0,1992,32,1,0,14.147003946080861,Waterfront,743779
1466,3,3.0,1,0.0,1968,56,0,0,24.639865028461763,Waterfront,186219
3932,6,1.0,3,1.0,2013,11,1,1,20.658127697518033,Waterfront,760157
1188,2,3.0,3,0.0,1955,69,1,0,5.915141369399519,Waterfront,245469
4743,4,1.0,3,2.0,1995,29,1,0,24.717116801583508,Historic,680495
4201,3,3.0,3,2.0,1991,33,0,0,13.15208948714395,Countryside,403563
841,3,2.0,2,1.0,2014,10,1,0,6.0750769691496656,Downtown,197087
2224,5,1.0,1,0.0,2021,3,1,0,8.813021836696528,Waterfront,468962
4922,3,1.0,1,1.0,2008,16,0,0,8.392047392326099,Suburbs,596722
2292,2,2.0,2,1.0,2001,23,0,1,15.816605750802074,Waterfront,433660
2259,2,1.0,3,2.0,1996,28,1,0,7.413917674997328,Suburbs,311193
3712,1,3.0,2,0.0,1956,68,0,0,4.145211378346497,Suburbs,423226
1489,2,3.0,3,0.0,1960,64,1,0,4.148880093105941,Waterfront,307217
2762,6,1.0,2,0.0,2010,14,0,0,17.70664781560335,Historic,382970
2982,3,3.0,1,0.0,2017,7,0,1,22.17539902105667,Suburbs,343551
1451,2,4.0,1,1.0,1974,50,1,1,9.985223760731053,Suburbs,208951
1222,5,,1,1.0,1961,63,1,0,1.5221959395135038,Waterfront,290295
3889,1,2.0,3,2.0,1975,49,1,0,4.253134164641816,Suburbs,523962
2579,3,4.0,3,1.0,1961,63,0,0,27.483489529943185,Suburbs,307492
3217,1,1.0,2,1.0,1992,32,1,1,15.059537957888864,Waterfront,593363
2832,3,2.0,2,2.0,2000,24,1,1,13.880397883647655,Waterfront,590980
3876,5,3.0,1,2.0,1986,38,1,1,1.6224507601476819,Downtown,814105
2000,1,2.0,3,2.0,1995,29,1,1,21.994792158348524,Historic,278325
785,4,4.0,2,1.0,2002,22,1,0,16.078008387496325,Historic,159118
3995,6,3.0,3,1.0,1962,62,0,1,6.461387614552363,Suburbs,522845
2565,6,1.0,3,2.0,2003,21,1,1,3.747175925341187,Historic,498710
1268,3,3.0,1,2.0,2006,18,1,0,11.809941977143955,Suburbs,198804
3557,4,1.0,1,2.0,1953,71,0,0,25.196277943753255,Downtown,517975
4789,1,1.0,3,1.0,1998,26,1,1,26.026189496430224,Waterfront,829066
2661,4,2.0,3,1.0,1956,68,1,1,18.283968221671273,Waterfront,509905
3793,4,2.0,3,0.0,1960,64,1,1,21.962324603289208,Waterfront,649853
1446,1,2.0,3,1.0,2003,21,1,1,3.8970957283846754,Historic,259634
3835,5,4.0,1,1.0,1994,30,1,0,17.84971893130172,Downtown,672702
4650,4,4.0,2,1.0,1972,52,0,0,20.17548825287186,Historic,661864
1981,4,2.0,1,2.0,1977,47,0,1,6.42102886595687,Historic,347356
2401,5,4.0,2,1.0,2006,18,0,1,26.464564620852638,Downtown,381070
3951,4,3.0,3,2.0,1975,49,1,1,6.252403756870083,Downtown,765623
4564,4,3.0,2,0.0,1974,50,0,1,9.747582115470287,Downtown,774948
554,4,4.0,1,0.0,2003,21,1,1,18.80642698719203,Downtown,141866
2323,6,4.0,1,2.0,1978,46,1,0,19.33132692135656,Waterfront,468594
3962,2,3.0,3,2.0,1985,39,1,0,21.131849859127335,Countryside,387195
3579,5,1.0,1,2.0,1963,61,0,0,3.8043455355120672,Countryside,366833
1332,4,3.0,3,1.0,1984,40,0,1,25.55920068289238,Downtown,224290
4908,6,3.0,1,0.0,1979,45,0,1,16.218990402356166,Countryside,509771
3306,5,4.0,1,2.0,1966,58,1,0,14.403992926099516,Countryside,329786
2990,3,3.0,3,1.0,2016,8,0,0,29.442379923148533,Downtown,452573
827,3,4.0,2,0.0,1979,45,1,1,22.34115975976008,Countryside,82995
3810,4,4.0,1,1.0,1994,30,0,0,3.9811777852715586,Historic,589261
3800,6,2.0,2,0.0,2000,24,0,1,22.8179054331741,Suburbs,469550
4175,6,3.0,1,1.0,1996,28,1,1,3.30984355219965,Suburbs,604482
3554,5,1.0,1,0.0,2002,22,1,0,1.3103815941330532,Downtown,667369
2643,5,2.0,1,0.0,2013,11,0,0,12.406963910461965,Waterfront,485705
1811,6,4.0,1,1.0,1987,37,0,0,29.810556098166952,Downtown,270821
3691,5,4.0,2,2.0,2013,11,0,1,5.659076117748448,Waterfront,788224
3038,6,1.0,2,0.0,1956,68,1,1,20.343008134040307,Suburbs,368253
4483,2,4.0,1,2.0,1971,53,1,0,5.615183953080521,Downtown,777667
664,6,3.0,1,1.0,1990,34,0,1,21.88121576127239,Historic,91131
4777,3,2.0,2,2.0,1959,65,0,1,15.407933213015871,Countryside,450351
1322,5,4.0,3,2.0,2006,18,1,1,20.5591654476366,Waterfront,313488
1443,6,4.0,3,2.0,1956,68,0,0,6.4847586894699205,Countryside,138393
4925,6,1.0,2,2.0,1999,25,1,1,22.496035809354808,Countryside,471683
1274,5,3.0,1,2.0,2001,23,1,0,29.87076225886985,Downtown,197094
2698,2,4.0,1,0.0,1982,42,1,0,20.136689768465814,Countryside,244150
3656,2,1.0,3,0.0,1950,74,1,1,15.057659943149892,Historic,501713
4742,5,4.0,3,0.0,2002,22,1,0,27.733632664268313,Countryside,449597
4195,1,1.0,2,1.0,2009,15,1,1,0.9676293458403509,Downtown,791743
3952,5,1.0,3,2.0,1983,41,0,0,22.032743818931724,Historic,574312
1414,5,3.0,2,0.0,1953,71,1,0,26.71802224600748,Suburbs,144274
1808,2,4.0,3,1.0,1966,58,1,1,2.319400216818245,Countryside,222603
4677,2,3.0,3,0.0,1953,71,0,0,13.776893027264867,Downtown,733923
1013,5,1.0,3,0.0,1992,32,1,0,6.539223891524967,Suburbs,155887
2420,5,2.0,1,2.0,1953,71,0,0,17.212285884840988,Suburbs,254648
4094,5,4.0,1,1.0,1950,74,1,1,19.661517278807985,Waterfront,752681
1909,2,2.0,1,2.0,2020,4,0,1,9.427383896398272,Historic,325943
3690,5,4.0,3,,1999,25,0,0,14.069459255503975,Countryside,409988
4991,5,3.0,2,0.0,2022,2,1,0,8.740514815658505,Downtown,919906
2055,4,3.0,2,2.0,2010,14,1,0,11.397039351425857,Waterfront,465488
1304,1,3.0,2,1.0,1984,40,1,1,5.2064287223084955,Historic,193393
1779,3,3.0,2,2.0,1957,67,1,1,26.624003585776126,Waterfront,296668
4077,1,3.0,1,2.0,1973,51,0,0,0.7953071114945247,Historic,607979
3401,4,2.0,1,2.0,1985,39,0,1,26.53107100009176,Historic,487999
1887,3,3.0,3,0.0,1999,25,0,1,17.364526911317288,Countryside,188971
3261,5,1.0,3,1.0,1992,32,1,1,10.283906403222016,Historic,541975
3179,4,1.0,2,0.0,1976,48,0,1,21.83018520107973,Waterfront,531619
2606,5,2.0,1,0.0,1981,43,1,0,15.478688479948596,Historic,386822
4723,2,4.0,2,0.0,1967,57,1,1,15.223705414174391,Countryside,481056
3268,6,1.0,3,0.0,1977,47,0,1,3.74919734610951,Countryside,314550
4453,4,4.0,3,0.0,1978,46,1,0,11.990722765389556,Waterfront,851774
3686,2,2.0,2,1.0,1965,59,0,0,7.611398202773731,Suburbs,454932
3780,4,4.0,3,2.0,1996,28,1,1,0.9630292150902495,Suburbs,529340
3073,4,4.0,2,0.0,2008,16,0,1,11.122939108072341,Historic,496638
3099,2,4.0,1,0.0,1980,44,1,0,3.1497528180553402,Downtown,556185
4533,3,4.0,2,1.0,1953,71,0,0,8.076486112892963,Historic,664323
736,1,2.0,1,1.0,1986,38,0,0,3.229240324901286,Waterfront,130243
1804,5,1.0,1,2.0,1966,58,1,1,3.4777779539137663,Waterfront,431457
3930,4,3.0,3,1.0,1988,36,1,1,6.370833185248054,Waterfront,804905
1801,5,4.0,3,2.0,1997,27,0,0,29.995552712348807,Waterfront,330136
3041,6,1.0,3,0.0,1995,29,1,1,0.5644322142888387,Waterfront,678120
2551,2,1.0,2,0.0,1997,27,1,0,19.340842765551955,Countryside,217371
941,5,2.0,2,2.0,1988,36,1,1,4.666689091783441,Suburbs,200447
2576,2,1.0,3,1.0,1953,71,0,0,27.658530032967885,Waterfront,346513
3680,5,2.0,2,2.0,1979,45,0,0,3.2621703533420625,Downtown,688800
3157,1,4.0,3,1.0,1979,45,1,1,28.674364020223976,Downtown,495644
4298,1,,2,0.0,1971,53,1,1,18.5223284307626,Downtown,721468
1304,1,3.0,1,1.0,2015,9,0,1,0.5374082690069623,Downtown,290019
574,1,3.0,1,2.0,1961,63,1,1,26.873212338545777,Countryside,29747
2675,1,3.0,3,2.0,1985,39,0,1,15.89049814032409,Downtown,444474
4424,1,1.0,2,0.0,1967,57,1,1,8.248757192249293,Waterfront,778415
2589,2,4.0,2,1.0,2002,22,1,0,23.13473573671109,Historic,374365
540,4,2.0,1,1.0,2020,4,1,1,27.836633839662664,Downtown,86121
2581,5,3.0,1,1.0,1950,74,0,0,14.76887928283042,Countryside,212960
2122,1,2.0,3,0.0,2007,17,0,0,9.808827496071771,Countryside,181420
841,2,2.0,1,1.0,1955,69,0,1,23.77388115608034,Downtown,91725
4552,2,3.0,3,2.0,2019,5,0,0,20.61267218475941,Historic,651182
2574,2,4.0,1,1.0,1993,31,1,0,26.718198270633035,Downtown,419748
1145,4,3.0,1,0.0,2021,3,1,1,20.929163376455193,Countryside,121140
4763,5,2.0,2,1.0,1973,51,0,1,7.684085997536321,Suburbs,623601
1109,4,3.0,1,,1968,56,1,1,27.98394786789106,Waterfront,191699
954,3,2.0,1,2.0,1967,57,1,0,3.592654542576744,Countryside,112576
3453,2,2.0,3,1.0,1979,45,0,1,8.404311128152013,Downtown,571686
2208,3,3.0,1,2.0,1991,33,1,1,15.845740927854624,Waterfront,418334
3972,6,1.0,3,2.0,1982,42,1,1,17.18938976909159,Downtown,720170
3469,1,3.0,1,0.0,1961,63,0,1,0.9516623054937102,Downtown,620439
3528,1,1.0,1,2.0,1976,48,1,0,23.526895411717728,Suburbs,381620
3181,4,2.0,3,2.0,1988,36,1,1,11.167415893548991,Waterfront,661005
4129,5,2.0,2,0.0,1958,66,1,0,12.489346959563065,Waterfront,780067
4725,3,1.0,3,2.0,1970,54,0,1,24.3764015608899,Suburbs,543525
3567,5,2.0,3,0.0,1978,46,0,0,11.688860055962564,Countryside,350717
1886,4,1.0,3,1.0,1982,42,1,0,1.8931338565952671,Downtown,405036
4276,1,1.0,2,0.0,2011,13,1,0,5.7049732288753345,Historic,644540
3366,5,2.0,1,2.0,1964,60,1,1,28.699143585451377,Downtown,551259
3863,5,4.0,3,0.0,1951,73,0,0,2.576958190874168,Downtown,686839
4624,1,1.0,3,2.0,2001,23,0,1,10.970470428556478,Countryside,456752
648,3,3.0,2,1.0,1993,31,0,1,15.343785428014666,Downtown,139936
4350,1,3.0,3,0.0,2003,21,1,1,15.05178440648752,Suburbs,564074
2558,5,2.0,1,1.0,1967,57,1,1,0.6168183188582113,Suburbs,377993
1636,3,4.0,2,2.0,1952,72,1,1,15.284300577995966,Waterfront,345028
686,3,2.0,1,2.0,1956,68,1,0,11.821287510333573,Historic,116673
3354,1,4.0,1,1.0,1992,32,1,1,29.176340396499437,Downtown,525021
1750,5,1.0,2,0.0,1987,37,0,0,5.19519297781798,Downtown,332394
1833,4,,3,0.0,1986,38,1,0,10.947548804405102,Countryside,210733
4693,5,1.0,1,2.0,2007,17,1,0,12.874703810149683,Suburbs,593740
4650,2,1.0,1,1.0,1982,42,1,0,12.025459344477989,Historic,647737
3211,6,3.0,1,1.0,2008,16,0,0,20.142009415729945,Waterfront,588845
2285,4,3.0,1,0.0,1960,64,1,0,6.85762929765918,Suburbs,299802
1250,3,2.0,2,0.0,2017,7,0,0,7.021610808012759,Waterfront,270200
2262,4,4.0,2,0.0,2017,7,0,1,22.01172298077517,Countryside,207481
4420,3,1.0,1,1.0,1971,53,0,0,15.2585703010063,Countryside,365170
4960,3,1.0,3,0.0,2015,9,0,1,12.747092443690658,Downtown,842800
981,4,4.0,1,0.0,1993,31,0,0,5.491490024478928,Historic,173185
653,3,4.0,3,2.0,1955,69,1,0,6.032053075908915,Waterfront,175711
2024,3,2.0,1,,1991,33,1,0,0.8112732860690661,Suburbs,273604
2620,2,4.0,3,0.0,1974,50,0,0,3.1970749314204223,Countryside,280856
2843,5,1.0,1,1.0,2006,18,0,1,16.926741493362112,Downtown,494503
1740,5,1.0,3,1.0,2004,20,0,1,26.81025733524809,Downtown,284301
560,6,1.0,1,2.0,1965,59,1,1,8.971360571351445,Waterfront,174343
1438,6,1.0,1,0.0,1963,61,1,0,10.16854316393578,Countryside,141131
2139,2,1.0,3,2.0,1988,36,0,0,3.91036551303961,Historic,335295
4620,6,2.0,2,1.0,1977,47,1,0,11.964612895409532,Countryside,483488
4726,4,1.0,3,2.0,2000,24,1,1,1.5980402847952102,Waterfront,957619
4069,1,2.0,2,1.0,1998,26,0,0,27.569220539726057,Waterfront,673611
1752,1,1.0,1,2.0,1958,66,0,1,20.356784769673595,Countryside,140758
4703,1,3.0,3,2.0,2007,17,1,1,29.727089877099957,Waterfront,828479
671,2,3.0,3,0.0,1994,30,1,0,26.543283299015563,Countryside,56113
1958,2,3.0,3,2.0,1971,53,1,0,14.453222514095504,Suburbs,272435
4049,3,3.0,2,0.0,1981,43,0,1,15.83070841893612,Countryside,378155
4697,1,2.0,2,0.0,2018,6,0,1,6.121993372257219,Countryside,462570
2822,4,2.0,1,0.0,2018,6,0,1,14.13016061376689,Waterfront,550776
2136,6,4.0,2,0.0,1991,33,1,0,27.139322268037944,Waterfront,422387
3615,4,1.0,2,2.0,2002,22,1,0,2.000175997256723,Downtown,707160
4590,6,3.0,1,1.0,2008,16,0,0,25.97492568845014,Downtown,746852
3504,1,2.0,3,1.0,1988,36,1,0,10.557960148456987,Suburbs,428747
829,1,1.0,3,1.0,1964,60,0,0,27.03562657034114,Downtown,53817
4140,1,1.0,1,2.0,2020,4,1,0,28.255957237073797,Countryside,359772
4394,2,2.0,3,0.0,1978,46,0,1,20.290514166556225,Waterfront,741488
4607,6,3.0,2,1.0,1952,72,1,1,20.100501704483996,Downtown,805942
1841,2,4.0,1,2.0,1959,65,1,1,13.856252962407833,Downtown,324751
4163,2,1.0,1,0.0,1978,46,0,0,25.14843662403937,Suburbs,444561
715,5,4.0,1,1.0,1984,40,0,1,28.867576373781855,Suburbs,78606
838,4,3.0,3,0.0,1955,69,0,0,23.364913110004018,Countryside,78915
4562,4,3.0,1,1.0,1961,63,0,0,18.84713364582292,Waterfront,798319
3208,3,4.0,1,1.0,1987,37,0,1,18.400390426729434,Suburbs,369845
3652,2,3.0,1,1.0,1968,56,1,0,25.55936209671804,Downtown,571542
2250,6,1.0,3,0.0,2016,8,0,1,16.4655110902533,Waterfront,458225
2921,5,4.0,2,2.0,1957,67,0,1,24.213866644340268,Waterfront,538159
1209,5,3.0,1,0.0,1957,67,0,0,15.51211502764025,Downtown,167608
4226,4,4.0,2,1.0,1996,28,0,1,2.3421061117307618,Suburbs,558648
4142,2,1.0,3,0.0,1953,71,0,1,11.826436762672579,Downtown,645190
4493,3,3.0,3,2.0,2000,24,1,1,13.611008251309212,Waterfront,914061
988,2,1.0,3,0.0,2016,8,0,1,4.677708727105208,Historic,186375
546,1,3.0,3,2.0,1994,30,0,0,3.523641711081778,Historic,108820
3859,2,2.0,2,2.0,1957,67,0,1,16.296216014880144,Countryside,360860
900,1,3.0,1,0.0,1965,59,1,1,3.011737278404423,Downtown,180795
4490,1,4.0,3,1.0,2016,8,1,1,9.436882452757477,Downtown,816296
3657,3,3.0,3,2.0,1958,66,0,0,22.46561079091074,Countryside,332897
4845,6,1.0,2,0.0,2009,15,0,1,28.950749297255435,Countryside,451698
890,4,1.0,2,2.0,2020,4,1,0,21.677182126281892,Countryside,131183
4353,2,3.0,3,1.0,1964,60,1,1,29.782453679359673,Waterfront,728183
4930,1,4.0,1,,2020,4,1,1,21.100970152742377,Downtown,804974
1128,2,2.0,1,0.0,1990,34,0,1,9.166936884302661,Waterfront,185054
4732,6,4.0,3,0.0,1971,53,0,0,20.325549944908175,Countryside,440500
3430,4,2.0,2,1.0,1973,51,1,0,21.213624573308664,Downtown,562638
2021,6,1.0,3,2.0,1993,31,0,0,11.465946046185588,Waterfront,406735
1326,4,4.0,3,0.0,1950,74,1,0,1.022558592976976,Waterfront,327410
2000,5,2.0,2,2.0,1959,65,1,0,21.244393650876866,Countryside,179872
3794,4,3.0,3,2.0,2021,3,1,0,1.1401528106284777,Downtown,777803
2919,3,1.0,3,1.0,2005,19,0,1,19.120048302772098,Countryside,308738
1434,6,3.0,3,0.0,1999,25,1,0,5.326686417905375,Downtown,350743
3542,1,1.0,2,2.0,1961,63,1,1,17.18530406856728,Historic,505942
4997,5,4.0,1,0.0,2009,15,0,0,15.3654342487277,Suburbs,642903
1966,3,4.0,1,0.0,1975,49,1,0,0.8986524480323859,Suburbs,300408
4061,2,1.0,2,1.0,1990,34,0,0,11.204541601355551,Suburbs,487183
1114,6,1.0,1,0.0,1985,39,1,1,18.232189438190932,Countryside,114125
1682,1,1.0,3,0.0,1972,52,0,0,25.533893281014002,Historic,153545
3723,4,4.0,1,2.0,1992,32,1,0,26.714942358177257,Downtown,631191
3167,1,2.0,3,,1955,69,1,1,14.773574115980086,Waterfront,558307
630,2,3.0,1,0.0,2018,6,1,1,21.988463375333424,Downtown,109069
3483,5,3.0,2,2.0,1992,32,1,1,9.835410007737,Waterfront,740941
4778,5,4.0,1,1.0,1974,50,1,1,10.594498969880394,Downtown,857137
4959,6,3.0,1,1.0,1967,57,0,0,6.236673815878255,Historic,779124
538,5,1.0,1,2.0,2011,13,0,1,17.07746924480056,Waterfront,137888
4459,6,2.0,2,2.0,1962,62,1,0,9.779642452357274,Countryside,463851
4087,6,3.0,1,2.0,1992,32,1,0,2.9889414449358984,Downtown,810380
1420,6,2.0,2,2.0,1977,47,1,1,20.70767955656377,Downtown,300643
3269,4,1.0,3,2.0,1967,57,0,0,21.378719624359245,Waterfront,536965
4611,3,3.0,1,0.0,2008,16,0,1,11.119776353982207,Countryside,453592
992,6,4.0,2,0.0,2009,15,1,0,2.7633402839526724,Countryside,146412
1631,6,2.0,2,1.0,2012,12,0,1,13.075782663401064,Historic,328446
4021,3,1.0,1,0.0,2006,18,1,1,13.548896012481356,Countryside,400371
810,1,2.0,3,0.0,2000,24,1,1,20.225791104487843,Countryside,53951
1238,6,3.0,2,0.0,2005,19,1,1,9.804783542131164,Countryside,226508
3741,4,3.0,1,2.0,1976,48,0,1,20.63667875354851,Suburbs,439969
1045,5,4.0,3,,1981,43,1,1,26.208911981842956,Historic,169991
2961,5,1.0,2,1.0,1958,66,1,0,7.505838249684895,Downtown,538071
4846,2,1.0,2,1.0,2017,7,1,0,29.378126905537044,Waterfront,815109
2304,2,4.0,3,1.0,1995,29,0,0,11.897860045535806,Downtown,411511
3712,5,4.0,3,0.0,2016,8,0,1,8.384131211838321,Historic,573184
4310,5,1.0,1,0.0,1975,49,0,0,12.934579884053571,Waterfront,773632
1313,4,2.0,1,2.0,1957,67,1,1,3.2847255391638455,Historic,238929
4624,3,2.0,2,1.0,1955,69,0,0,4.2083242421074125,Countryside,444774
2532,2,4.0,3,0.0,1973,51,1,0,12.725804385565777,Waterfront,484016
4913,3,2.0,3,0.0,1997,27,0,1,22.99211339720345,Countryside,451400
744,4,1.0,3,2.0,1994,30,1,0,27.05921106744748,Downtown,118090
771,5,3.0,2,2.0,1962,62,0,0,20.11213072612999,Downtown,109675
4011,6,3.0,3,2.0,2018,6,1,0,3.603976879526007,Waterfront,914196
2271,3,2.0,3,0.0,1974,50,0,1,20.324582984325783,Waterfront,379291
1762,5,4.0,2,0.0,1969,55,0,0,19.245123660737672,Historic,224003
2924,5,4.0,1,2.0,2015,9,0,1,24.270035589653272,Historic,449756
4861,1,4.0,1,1.0,1994,30,1,0,24.844835666239337,Countryside,431326
1420,3,4.0,2,2.0,1996,28,0,0,26.11199073547988,Waterfront,259932
3930,6,4.0,3,2.0,2012,12,0,0,12.716879680083402,Downtown,751223
4935,3,2.0,2,2.0,2004,20,0,0,21.086999662888257,Historic,687293
4984,5,3.0,1,2.0,1968,56,0,1,8.413385588208168,Historic,775871
3124,6,3.0,1,0.0,1984,40,1,0,29.980420259513377,Downtown,494143
4260,4,2.0,2,1.0,2002,22,0,1,5.672360120617368,Historic,649296
2550,1,4.0,2,2.0,1975,49,1,1,0.7983757339946564,Countryside,302599
4000,5,2.0,1,1.0,1963,61,1,0,4.889857078286193,Waterfront,788038
1665,2,3.0,2,1.0,1994,30,1,0,23.388232541551737,Downtown,281155
875,2,1.0,1,1.0,1993,31,1,1,13.68011845699224,Waterfront,174157
2533,1,2.0,2,2.0,2014,10,0,1,13.701257310407636,Historic,383033
645,4,4.0,2,0.0,2000,24,1,0,28.67317612854422,Historic,80858
4888,5,3.0,2,2.0,1992,32,1,0,27.62922978682819,Downtown,857870
931,3,3.0,1,1.0,1972,52,1,0,9.680244765218271,Countryside,102292
1204,1,3.0,2,1.0,2005,19,1,0,6.667214799035552,Suburbs,188020
3132,4,3.0,1,0.0,1968,56,0,0,25.53022519304532,Downtown,466000
4994,3,4.0,1,2.0,2004,20,0,1,27.227562595808713,Suburbs,595843
1463,2,1.0,2,1.0,2009,15,1,0,16.477109222555363,Suburbs,175410
2734,2,3.0,2,0.0,2008,16,1,0,19.067999477954466,Countryside,263309
2541,3,2.0,1,1.0,1982,42,1,1,8.078971398422656,Suburbs,339278
2328,1,1.0,1,0.0,1968,56,0,0,24.123679295366475,Suburbs,227377
2608,2,3.0,3,0.0,1977,47,0,0,19.147611639246183,Countryside,217947
4568,5,1.0,1,2.0,2001,23,0,1,15.3536485832909,Suburbs,557910
1438,6,2.0,3,1.0,1998,26,0,0,2.273202404312677,Suburbs,237647
1306,3,3.0,3,2.0,1986,38,0,1,27.520081394079035,Suburbs,141009
1963,3,2.0,3,1.0,1975,49,1,0,18.65581690133998,Downtown,333482
3915,2,4.0,2,2.0,1989,35,0,0,6.184387293442555,Downtown,698383
510,1,3.0,2,1.0,1987,37,0,0,18.388390451000056,Downtown,48604
2368,5,3.0,1,2.0,2003,21,1,1,20.485168950079213,Countryside,262107
1384,1,3.0,3,0.0,1971,53,0,1,16.010224932155154,Historic,184649
4064,4,3.0,2,1.0,1965,59,0,1,21.684001269702662,Suburbs,474523
1889,4,4.0,2,1.0,1977,47,0,1,17.652891463894417,Suburbs,237758
3901,6,3.0,2,0.0,1984,40,1,0,28.459202669948372,Countryside,374739
4821,2,1.0,2,2.0,2009,15,0,1,2.0840638186795517,Suburbs,639782
1324,2,3.0,2,1.0,1994,30,1,1,3.6342483998520345,Downtown,289013
2765,2,4.0,3,1.0,1995,29,1,1,5.623313290153026,Historic,455731
1436,6,3.0,3,2.0,2021,3,0,0,20.8600465828278,Waterfront,339291
3300,4,1.0,3,0.0,2004,20,0,0,19.545078246119356,Suburbs,390925
3053,1,4.0,3,2.0,1975,49,0,1,26.815736376185974,Downtown,470487
4345,6,4.0,1,2.0,1974,50,0,1,22.119884860075004,Waterfront,805856
2296,6,1.0,3,2.0,2014,10,1,0,15.496486883155471,Historic,393748
553,1,1.0,2,1.0,1955,69,0,1,29.759037877677095,Waterfront,16956
1226,2,1.0,3,0.0,1972,52,1,1,8.350184706994325,Downtown,213719
3236,5,1.0,1,0.0,2013,11,1,1,25.07915396367089,Waterfront,595476
3670,1,,2,2.0,1992,32,1,1,13.090315979720621,Countryside,369935
2413,4,4.0,3,1.0,1972,52,1,0,19.637686596834158,Waterfront,461644
2096,3,4.0,3,2.0,1979,45,1,0,21.954419878346805,Suburbs,252747
2414,3,3.0,3,1.0,1967,57,0,0,19.195745572114923,Suburbs,278456
2966,6,3.0,2,1.0,1970,54,1,1,4.644965441703501,Countryside,331723
3237,3,2.0,2,1.0,2006,18,1,1,13.567054817064015,Downtown,584252
1349,5,3.0,1,1.0,1972,52,0,0,17.062432149027167,Suburbs,159007
2609,2,3.0,2,0.0,1994,30,0,0,25.546790895768606,Historic,356137
502,4,1.0,2,,1993,31,1,0,13.587549589557884,Suburbs,84549
4755,5,1.0,3,1.0,1996,28,1,1,27.603045491725418,Suburbs,536258
4569,4,3.0,2,2.0,1989,35,0,0,13.491039579243715,Downtown,788792
1392,4,,3,2.0,2000,24,1,1,16.689005848258844,Waterfront,331215
2530,2,1.0,3,0.0,1991,33,0,1,23.99042764681263,Suburbs,245201
3660,6,3.0,2,2.0,1956,68,0,0,17.700496690453235,Countryside,370945
2876,3,3.0,1,1.0,1999,25,1,0,28.82643313529333,Waterfront,487093
2433,2,4.0,1,2.0,1997,27,0,1,19.979907000166765,Historic,367094
1880,5,2.0,2,0.0,1955,69,1,0,15.91992889499423,Downtown,307093
4181,6,,1,2.0,1958,66,1,0,1.195963049533478,Historic,689006
1790,5,2.0,3,2.0,2006,18,1,1,12.70512047861973,Waterfront,435501
2140,6,1.0,3,0.0,1980,44,0,1,9.327828368174734,Waterfront,428611
3182,5,2.0,2,0.0,1970,54,1,1,22.569117202680932,Waterfront,567678
1487,2,3.0,1,1.0,1989,35,0,1,6.6441914170296,Historic,263543
1718,6,3.0,1,2.0,1994,30,1,1,6.553992575175118,Waterfront,447809
1855,6,2.0,3,1.0,1998,26,1,0,6.090811775502615,Historic,325744
4765,4,2.0,2,2.0,1969,55,0,1,4.20566058810896,Waterfront,935510
4635,4,2.0,1,2.0,1966,58,1,1,9.674706608291178,Countryside,488225
2060,1,4.0,2,1.0,1977,47,1,1,26.63470237608104,Waterfront,356467
1918,5,2.0,1,2.0,1990,34,0,0,23.360389933025672,Historic,249999
1454,4,1.0,3,2.0,2015,9,0,1,22.18991088105041,Suburbs,191282
1483,1,4.0,3,2.0,1974,50,0,1,24.0214357666739,Waterfront,238517
1474,4,4.0,2,0.0,2007,17,1,1,8.447827735222365,Suburbs,224672
4633,5,2.0,3,1.0,1990,34,0,0,26.67952987719839,Countryside,442938
4472,6,1.0,1,0.0,1955,69,0,1,4.5504495666773295,Downtown,776860
1413,3,4.0,3,1.0,1987,37,1,1,10.422198938109668,Countryside,195525
536,5,3.0,2,1.0,1955,69,0,1,17.809069509536616,Waterfront,85446
3887,2,4.0,2,2.0,1994,30,1,0,3.5357001060890187,Suburbs,508924
2211,4,2.0,2,1.0,1963,61,1,0,22.038840539404536,Suburbs,249064
3520,4,1.0,1,0.0,2015,9,0,0,11.923758422002512,Historic,513633
1295,6,2.0,1,0.0,1989,35,1,0,23.6399671354478,Suburbs,143967
4536,2,3.0,1,0.0,1952,72,0,1,15.04044042474578,Historic,568671
3611,6,3.0,1,1.0,1973,51,0,1,5.835798470547423,Downtown,679592
1824,2,3.0,1,0.0,1968,56,0,0,22.17547343498266,Waterfront,250715
817,3,2.0,3,1.0,1967,57,0,0,7.938246697248835,Historic,138377
2896,4,4.0,1,0.0,2013,11,1,1,14.978903887407263,Downtown,537609
2662,4,2.0,1,0.0,1984,40,1,1,2.7282314401287744,Suburbs,363729
3245,3,1.0,3,1.0,2011,13,0,0,18.727066305155084,Suburbs,403323
2091,1,,1,0.0,1950,74,0,0,20.14280410338018,Downtown,243057
3611,6,3.0,2,2.0,1974,50,1,0,11.670889194197114,Suburbs,485600
4430,3,2.0,1,1.0,1994,30,0,0,28.655472019471677,Downtown,676421
2496,6,,1,1.0,1998,26,1,1,26.287983183721018,Historic,391477
1812,5,3.0,2,1.0,1965,59,0,0,21.384257014329844,Historic,244691
1785,4,1.0,2,2.0,1968,56,1,0,21.55273619756541,Downtown,279528
4811,6,4.0,2,1.0,1972,52,1,1,7.945850590793461,Historic,796893
2883,2,1.0,2,0.0,1974,50,1,1,19.876049317109246,Historic,388026
3739,6,1.0,1,0.0,1965,59,0,1,6.34708482444783,Historic,537946
2639,5,1.0,2,0.0,2003,21,0,1,4.748095105634753,Countryside,289486
2204,4,3.0,2,1.0,2022,2,0,1,29.984302878976116,Waterfront,387419
862,3,1.0,3,0.0,1950,74,0,0,18.86008997845864,Suburbs,84270
3104,5,1.0,2,1.0,1991,33,0,0,13.214142243387121,Countryside,312001
2216,4,4.0,2,0.0,1968,56,1,0,9.000853425076563,Historic,334070
4951,6,4.0,3,2.0,1983,41,1,1,18.31565308803571,Downtown,896238
4786,1,1.0,3,2.0,2004,20,1,0,1.9630084924925406,Historic,771797
4238,1,4.0,1,2.0,1967,57,1,1,3.293089219891454,Waterfront,823729
2969,2,4.0,3,2.0,1983,41,1,0,1.4692725833416922,Historic,488402
1056,4,1.0,1,1.0,1994,30,1,0,15.22551008124852,Downtown,209668
1325,1,3.0,3,0.0,1955,69,1,1,18.217895561021884,Waterfront,204133
3308,3,1.0,3,2.0,1970,54,0,1,2.343152960055715,Historic,539721
3219,4,4.0,1,1.0,2019,5,1,0,21.77612179121804,Waterfront,600456
4008,3,3.0,3,2.0,1997,27,0,0,7.29665460967965,Suburbs,544677
4241,3,2.0,1,2.0,1988,36,1,0,20.71344288621105,Suburbs,522860
2074,1,3.0,3,1.0,1980,44,1,0,29.465965631039747,Historic,240538
4498,4,4.0,2,1.0,1959,65,0,0,20.887623166588607,Waterfront,755989
2629,6,3.0,3,0.0,1979,45,1,1,26.55419506124645,Downtown,488621
2903,5,1.0,1,0.0,1967,57,0,1,28.47185594892049,Historic,351380
3829,1,2.0,3,2.0,2009,15,1,1,14.859155926393308,Suburbs,480961
1088,1,2.0,1,2.0,2022,2,0,1,21.21858689288135,Suburbs,141698
2512,6,2.0,1,0.0,1964,60,1,0,25.63309297989733,Historic,349635
2047,4,4.0,2,0.0,1953,71,0,0,11.01996292979439,Waterfront,382362
794,4,4.0,2,1.0,2012,12,0,1,8.211220838531649,Suburbs,149168
2485,3,2.0,1,0.0,1989,35,1,0,28.42465789696099,Waterfront,412854
3617,6,3.0,3,0.0,1958,66,1,1,21.92595326088013,Suburbs,426602
2190,6,2.0,1,2.0,1958,66,0,0,6.980622934586877,Suburbs,285577
1636,4,3.0,1,0.0,1975,49,1,0,13.747960083945346,Countryside,170309
2564,3,3.0,3,2.0,1953,71,0,0,23.995327201365377,Suburbs,294715
4955,1,4.0,3,0.0,1965,59,1,1,16.638358232094042,Downtown,838976
1507,2,3.0,3,1.0,1964,60,0,1,19.673586895893727,Historic,191740
3014,5,2.0,3,0.0,2001,23,1,1,22.736161960329046,Historic,447638
4026,1,4.0,1,0.0,2018,6,0,1,18.849271069864926,Waterfront,723460
1747,4,1.0,1,0.0,1954,70,1,0,16.432339996704776,Suburbs,199808
4402,5,1.0,2,2.0,1969,55,0,0,22.613621389439317,Downtown,699340
1935,2,4.0,1,1.0,1967,57,0,0,21.96310954524992,Waterfront,275651
1071,2,2.0,3,0.0,1951,73,1,0,19.08123580540378,Countryside,70038
2882,3,1.0,2,2.0,1962,62,1,1,11.113787694766923,Waterfront,547141
1745,5,1.0,3,1.0,1953,71,0,0,12.471456719908012,Waterfront,326676
2584,3,3.0,1,2.0,1991,33,0,0,29.127937192080875,Suburbs,279732
777,1,3.0,2,2.0,2010,14,0,0,3.815385002600012,Countryside,113001
2387,6,2.0,3,1.0,1957,67,0,1,8.420895058958642,Waterfront,486891
1765,6,4.0,2,0.0,2016,8,1,1,15.025851896527904,Downtown,388192
1540,6,2.0,2,2.0,2012,12,0,1,25.18352574124168,Downtown,260821
1417,5,4.0,1,2.0,1958,66,0,0,5.328432080026972,Historic,263978
1385,6,1.0,3,0.0,1960,64,0,1,8.67016123467599,Countryside,141299
3252,1,3.0,2,0.0,1991,33,1,0,2.44104742495955,Countryside,337436
521,3,2.0,2,1.0,1962,62,0,0,21.326565348499145,Historic,21150
3691,5,2.0,3,1.0,1985,39,1,0,7.527178346530675,Waterfront,748945
2853,3,4.0,2,1.0,1962,62,1,1,11.96590514479304,Countryside,307366
1186,5,4.0,2,0.0,1961,63,1,1,13.589192687375201,Downtown,228540
784,3,2.0,2,2.0,1986,38,1,0,26.79376110039044,Downtown,116769
4247,2,4.0,3,2.0,2022,2,1,0,12.634243564771486,Suburbs,559002
1262,3,2.0,3,1.0,2001,23,1,1,4.784138087499847,Countryside,193091
2928,6,2.0,3,0.0,2020,4,1,1,15.96729068103357,Waterfront,592967
3007,2,2.0,3,2.0,1951,73,0,1,28.907260842134573,Historic,357704
528,3,1.0,1,1.0,2005,19,0,0,18.426726410998924,Historic,46902
1406,5,4.0,2,2.0,2009,15,1,0,29.50992300358689,Waterfront,266150
3604,5,3.0,3,2.0,1972,52,0,0,25.312665613696666,Suburbs,420176
4499,5,3.0,2,0.0,1989,35,0,1,1.5609898082956777,Historic,706918
3494,4,4.0,2,0.0,2013,11,1,1,19.922788063622736,Countryside,361335
3006,1,2.0,1,2.0,1972,52,0,1,8.959622887957568,Suburbs,377962
4109,5,3.0,3,1.0,1978,46,1,0,17.008697241519354,Countryside,418712
4053,2,3.0,3,0.0,2000,24,0,0,8.740683132471183,Downtown,698428
1953,5,4.0,2,2.0,2018,6,1,1,10.791677289856066,Suburbs,307125
3856,4,3.0,3,0.0,1980,44,1,0,27.73347699674829,Historic,529012
1015,6,2.0,2,0.0,1999,25,0,1,6.595973954305307,Suburbs,163185
538,2,4.0,2,0.0,1969,55,0,0,26.286218981761998,Suburbs,18425
3842,4,2.0,1,2.0,2004,20,1,1,1.3985053380796557,Suburbs,534375
1386,6,3.0,1,1.0,1951,73,1,0,3.180857881904627,Suburbs,208367
3344,2,3.0,1,1.0,1974,50,1,0,25.712913720835775,Countryside,299274
2704,3,2.0,2,1.0,1962,62,0,1,19.10140291182126,Downtown,452747
1598,1,1.0,3,0.0,2019,5,0,1,22.543466072166733,Waterfront,238305
2323,1,3.0,1,2.0,2016,8,0,1,6.677821289244701,Suburbs,318249
3701,4,1.0,3,0.0,2007,17,0,1,16.343961939908056,Historic,553726
3655,6,3.0,1,1.0,2013,11,1,1,22.24796709535349,Suburbs,485004
3593,1,1.0,1,1.0,2018,6,1,0,19.005767041802745,Historic,511918
4030,6,1.0,2,2.0,2008,16,1,1,14.41511362329068,Countryside,435655
4278,6,1.0,1,0.0,2009,15,1,1,28.813621699912588,Historic,608966
3396,4,2.0,1,1.0,2011,13,0,1,20.446641336876638,Waterfront,601692
3953,4,1.0,2,2.0,1965,59,1,0,27.27864860711652,Downtown,638729
4011,4,1.0,3,0.0,2017,7,1,1,22.028230091423595,Historic,600635
1488,1,1.0,1,,1964,60,0,1,22.196174093631655,Historic,143923
4616,4,3.0,2,1.0,2004,20,0,1,2.8605389578515403,Downtown,854152
4526,1,1.0,1,1.0,1984,40,1,0,11.104206344691335,Waterfront,820663
4679,4,3.0,2,0.0,2004,20,0,0,25.821897498229923,Suburbs,551014
2182,5,1.0,3,0.0,1963,61,1,1,7.361813933388301,Historic,342096
4463,6,1.0,3,1.0,1998,26,0,0,3.9074230516157527,Downtown,821319
1433,4,2.0,2,0.0,1956,68,0,1,10.120128670844407,Countryside,154905
4098,2,3.0,2,1.0,1979,45,1,0,7.0029176043321115,Downtown,721408
3733,6,1.0,2,0.0,1998,26,0,1,27.796001746398076,Countryside,348389
2480,6,3.0,3,1.0,1965,59,1,0,26.10501593906287,Waterfront,451306
2355,4,3.0,1,2.0,2000,24,0,1,15.240655293345673,Suburbs,314841
3556,3,4.0,3,1.0,2021,3,0,1,2.3096442972741067,Downtown,702393
1292,4,2.0,2,1.0,1991,33,0,0,21.57958920974811,Historic,176554
1291,6,2.0,2,2.0,1966,58,0,1,18.890646074419806,Waterfront,238549
2309,2,2.0,3,0.0,2012,12,0,1,29.13136278649063,Downtown,317660
2755,6,4.0,2,2.0,1994,30,1,1,16.98912058797612,Historic,497926
4110,2,4.0,3,1.0,1956,68,0,1,10.423614840385827,Downtown,735606
2107,1,2.0,2,0.0,1976,48,1,0,15.811139960567395,Countryside,185043
1484,5,4.0,1,2.0,1959,65,0,1,29.388267096433232,Downtown,244710
4176,6,4.0,1,0.0,1983,41,1,0,21.042691759724402,Downtown,708712
3880,4,4.0,2,0.0,1985,39,0,0,20.32329606884801,Downtown,623608
1019,1,2.0,3,2.0,1974,50,1,0,7.600106896913619,Waterfront,246081
1090,5,2.0,1,0.0,1955,69,1,0,22.436274268038222,Downtown,160449
1550,4,2.0,3,2.0,1973,51,0,1,22.633018969417265,Historic,242017
4133,3,4.0,2,1.0,1967,57,0,1,9.860025021389207,Countryside,419732
4944,4,2.0,3,,1955,69,0,0,14.769558055526039,Countryside,443588
1459,2,4.0,1,1.0,1978,46,1,1,9.190798321743454,Downtown,296664
1192,2,1.0,3,1.0,1974,50,1,0,8.131799574566458,Waterfront,258996
4399,3,,3,0.0,2004,20,0,1,1.2639340723598118,Waterfront,878641
4973,1,3.0,2,2.0,1995,29,0,1,8.913746467273297,Historic,741526
3446,5,2.0,2,0.0,1973,51,1,1,16.842113521409107,Downtown,608548
1026,4,2.0,2,1.0,1975,49,1,0,0.5472350326963504,Countryside,136390
3724,2,3.0,1,1.0,1977,47,0,0,8.85496297238519,Waterfront,673155
2753,1,4.0,1,2.0,1952,72,1,1,26.501604803535876,Downtown,423549
3844,3,1.0,2,0.0,1987,37,0,0,18.012633260667144,Waterfront,635756
4465,6,3.0,2,1.0,2010,14,0,0,18.431953310388923,Waterfront,853967
2375,2,3.0,1,1.0,2000,24,0,1,12.39924699827742,Countryside,245531
2263,3,4.0,1,1.0,1997,27,1,0,20.455928233026125,Suburbs,274387
1020,4,2.0,1,2.0,1970,54,1,1,6.103016603795595,Historic,211084
1516,5,4.0,1,1.0,2003,21,1,1,24.65303090633365,Historic,243683
616,2,3.0,2,1.0,2005,19,1,1,3.9423290381090443,Countryside,99694
2933,2,3.0,1,0.0,2008,16,0,0,19.852039962266723,Waterfront,459631
1083,4,2.0,2,0.0,2021,3,1,1,10.56390511168065,Downtown,245818
894,6,2.0,3,1.0,2000,24,0,1,22.551632632183065,Waterfront,174577
4288,1,2.0,3,1.0,1969,55,0,0,16.71805426234759,Countryside,387248
3268,5,4.0,1,0.0,2008,16,0,0,13.844414635122128,Historic,500562
4667,2,2.0,3,2.0,2020,4,1,0,5.497960861750786,Waterfront,924786
4360,5,3.0,3,2.0,1958,66,0,0,19.28623319638841,Historic,636012
773,2,3.0,3,2.0,1950,74,0,1,29.255710380902187,Downtown,51446
2513,5,1.0,1,2.0,1978,46,1,0,24.85530103475694,Historic,352113
4933,3,4.0,1,2.0,2012,12,0,0,2.270241681375848,Historic,773542
1889,2,1.0,3,2.0,2021,3,1,0,11.598766661655137,Suburbs,278576
4066,5,3.0,2,2.0,2005,19,1,0,27.804698771113017,Suburbs,504757
665,1,1.0,3,2.0,2017,7,1,1,15.339790552932131,Suburbs,107628
2067,3,3.0,1,0.0,1984,40,0,0,20.032298861341285,Historic,248552
1228,3,1.0,1,2.0,1952,72,1,1,27.42168069494602,Countryside,86343
2543,1,2.0,1,2.0,1956,68,1,0,26.27694336738648,Historic,336230
4697,5,1.0,3,2.0,1976,48,1,1,15.303701078445073,Countryside,476266
3996,4,2.0,2,1.0,1950,74,1,1,13.410565928399262,Countryside,404221
1278,1,2.0,1,0.0,2020,4,0,0,10.520932245147819,Suburbs,143107
713,5,4.0,1,0.0,1993,31,1,1,21.71107357330529,Waterfront,162652
4262,1,2.0,3,0.0,1990,34,0,0,8.966110584410526,Downtown,716112
2076,1,2.0,2,2.0,1991,33,1,1,7.871684389711554,Suburbs,283695
2948,2,1.0,3,2.0,1982,42,0,1,11.009371890811513,Suburbs,377378
3436,5,3.0,1,1.0,1999,25,1,1,5.727844177924364,Waterfront,769804
3617,4,4.0,2,0.0,2012,12,0,0,21.006034570400136,Downtown,611943
1091,2,2.0,2,2.0,1986,38,1,1,18.679099155253063,Historic,196862
3220,1,4.0,1,0.0,2008,16,0,0,14.744916756417386,Historic,452613
1213,6,1.0,2,1.0,1997,27,0,1,12.014610488215862,Suburbs,166036
1435,1,2.0,2,1.0,1954,70,0,1,27.31734501545358,Downtown,151482
4837,1,1.0,3,1.0,1997,27,1,1,1.359151657178606,Suburbs,626906
501,5,4.0,1,0.0,1952,72,0,1,23.188678433465324,Countryside,17904
3348,5,1.0,1,2.0,1996,28,0,1,27.10633236659222,Suburbs,386352
4544,2,4.0,1,2.0,2011,13,0,1,13.667460093182816,Suburbs,570456
2449,4,1.0,1,1.0,1963,61,0,0,16.74536949838408,Historic,303473
1417,2,4.0,1,2.0,2012,12,1,0,28.36167879252012,Historic,237372
3674,3,3.0,2,1.0,2010,14,0,0,6.762186700922675,Historic,582830
2741,1,1.0,3,0.0,1980,44,0,1,15.843978009648204,Countryside,242376
589,6,1.0,1,1.0,1966,58,0,0,14.504273250282282,Historic,81948
2209,1,3.0,3,0.0,1973,51,1,1,8.122583112175917,Downtown,418732
2669,1,3.0,3,1.0,1972,52,0,0,24.648500296006684,Waterfront,438135
4738,2,1.0,2,2.0,1999,25,0,0,27.038217545515458,Downtown,747999
3541,6,3.0,1,,2019,5,0,1,23.56701110375216,Downtown,635624
605,6,2.0,2,1.0,1976,48,0,1,6.263089345033947,Historic,165862
1386,6,4.0,1,2.0,1964,60,1,0,3.0590847472907563,Waterfront,368349
927,2,4.0,2,2.0,1999,25,0,0,18.3606123165076,Waterfront,177016
2395,1,4.0,3,2.0,1985,39,0,0,2.184295435041576,Waterfront,507535
816,2,2.0,1,0.0,1957,67,1,0,20.348363712463485,Countryside,39302
1134,5,3.0,3,2.0,1952,72,1,1,16.14751449965366,Historic,178427
2425,5,3.0,3,0.0,2011,13,1,0,20.052179115938078,Waterfront,469488
2556,2,1.0,2,1.0,1996,28,0,1,17.910037822667448,Countryside,244386
3644,6,3.0,1,2.0,2010,14,1,1,12.969725801051597,Suburbs,522909
2770,1,1.0,3,2.0,1981,43,0,0,6.425876814136734,Suburbs,360762
1939,2,2.0,2,2.0,1962,62,1,1,9.518213006409413,Countryside,202947
1052,2,4.0,1,1.0,1950,74,0,0,15.972766939459806,Countryside,100771
1215,2,4.0,1,0.0,1983,41,1,1,19.730108762604374,Historic,172107
4411,3,4.0,3,,2011,13,0,1,23.49474899809359,Historic,639469
2213,5,3.0,1,2.0,2020,4,1,0,23.131536194247293,Suburbs,310719
3889,6,1.0,3,1.0,1980,44,0,1,29.194317926202018,Waterfront,648420
1607,4,1.0,1,1.0,2013,11,0,1,8.932322735570578,Suburbs,208469
4706,6,2.0,2,1.0,1974,50,0,0,2.597765892296385,Waterfront,902318
750,4,3.0,3,1.0,1987,37,0,1,10.696879598484848,Waterfront,202697
2930,3,2.0,3,1.0,1963,61,0,1,22.42718701911026,Historic,385200
2554,2,1.0,1,0.0,1957,67,0,0,13.424293705482208,Downtown,394003
958,3,1.0,1,0.0,2003,21,0,0,24.624758702387872,Downtown,91870
707,3,4.0,3,0.0,1951,73,0,1,16.705127772987442,Countryside,34909
1399,1,3.0,1,2.0,2005,19,1,1,27.92885581759984,Historic,176625
3961,5,1.0,2,1.0,2010,14,0,1,28.46197153897253,Waterfront,690161
3885,4,4.0,1,2.0,1971,53,0,0,2.544482927553087,Downtown,726021
521,2,3.0,2,1.0,1984,40,1,1,13.964196471516518,Waterfront,112168
909,4,2.0,2,0.0,1965,59,0,1,18.485827306862255,Downtown,131898
1394,6,3.0,2,2.0,1999,25,1,1,8.048239953960277,Downtown,371822
1014,4,3.0,2,0.0,1992,32,0,1,12.508764991679916,Downtown,183800
4609,6,1.0,2,1.0,1966,58,1,1,20.4916054629721,Historic,709463
2634,5,1.0,1,1.0,2007,17,1,1,7.188659693501662,Suburbs,369024
4095,6,3.0,2,1.0,1951,73,0,0,18.258449912746347,Waterfront,714188
3456,4,1.0,1,0.0,1953,71,1,0,21.07471093084703,Historic,431856
2060,4,1.0,2,1.0,1988,36,0,1,3.169641177328069,Historic,363538
1766,6,,3,0.0,1955,69,0,1,15.177114822809857,Historic,253409
2669,3,4.0,2,2.0,2018,6,0,0,8.260860882763627,Historic,437407
4138,5,4.0,3,1.0,2018,6,0,0,21.869397501942316,Historic,598230
1249,1,3.0,2,1.0,1969,55,1,0,6.091887501839744,Countryside,130244
3927,2,1.0,2,1.0,2013,11,0,1,26.821018508374138,Waterfront,691637
2427,4,4.0,2,2.0,1965,59,1,1,13.212769427290644,Historic,373554
4304,2,3.0,3,1.0,2000,24,1,1,6.341089394072829,Waterfront,852210
4202,1,1.0,3,0.0,1986,38,0,1,13.421642992334716,Countryside,414071
2856,2,2.0,2,0.0,2022,2,0,0,12.557941002851573,Countryside,292371
2835,1,1.0,1,1.0,2018,6,0,0,13.153109305064453,Waterfront,481551
806,6,1.0,2,1.0,1991,33,0,0,17.774058158174682,Downtown,144310
4165,3,4.0,3,2.0,2006,18,1,0,15.874624884949357,Suburbs,553120
2489,4,3.0,2,2.0,2015,9,0,1,4.918425384586629,Downtown,519202
1161,1,,3,2.0,1958,66,1,1,2.434582643075771,Downtown,292789
811,2,4.0,3,1.0,2013,11,0,0,22.017755737432946,Downtown,132169
3420,4,1.0,3,2.0,1971,53,0,0,17.01166435988525,Historic,504070
1582,3,2.0,2,2.0,1983,41,0,0,11.09052265833828,Countryside,164378
3471,6,1.0,3,0.0,2004,20,0,0,24.34655576369318,Downtown,532986
1254,4,1.0,3,2.0,1978,46,1,0,11.94772499069823,Countryside,129823
4630,1,2.0,2,0.0,1987,37,1,1,23.98097014321792,Waterfront,772962
852,3,4.0,3,0.0,1967,57,0,1,9.519805761615054,Suburbs,114441
1402,2,3.0,2,2.0,2020,4,1,0,2.6489362775833927,Waterfront,394616
4388,3,4.0,3,0.0,2014,10,1,0,28.012870967097907,Waterfront,786218
658,3,4.0,1,1.0,1950,74,0,0,12.139258313800507,Historic,80663
2477,5,1.0,1,1.0,1953,71,0,1,23.884430899056646,Suburbs,279665
1456,3,3.0,3,2.0,1953,71,1,1,8.734751930057982,Waterfront,308245
2571,3,3.0,1,1.0,1976,48,1,1,19.56777080764785,Waterfront,461879
903,4,4.0,2,0.0,1992,32,1,0,26.262670761102985,Suburbs,90012
3279,2,2.0,1,,2008,16,1,1,1.7284986590294196,Suburbs,459265
1887,4,4.0,3,2.0,1981,43,0,0,25.003755058239634,Waterfront,344830
3953,4,2.0,3,2.0,1982,42,0,1,17.354323646671894,Suburbs,497369
1455,1,3.0,2,0.0,1977,47,1,1,18.42041674030279,Waterfront,250067
2212,4,4.0,3,2.0,2004,20,0,1,15.933161023776487,Waterfront,457544
1773,5,1.0,2,1.0,2009,15,1,0,26.297015546867453,Historic,259654
4311,5,4.0,1,2.0,2019,5,1,0,1.7812840384513051,Downtown,853269
3125,1,3.0,1,0.0,2011,13,0,1,8.20033755030752,Waterfront,587460
2882,6,1.0,2,2.0,1983,41,1,0,26.334994896345084,Countryside,272758
1941,2,1.0,2,1.0,2005,19,1,0,22.694198224692702,Downtown,287449
3479,2,2.0,3,0.0,1962,62,0,0,1.0205322252688724,Downtown,597553
2297,4,1.0,1,1.0,2005,19,0,0,15.751685354686405,Downtown,351942
4890,4,1.0,2,0.0,1967,57,1,0,16.122394081023906,Historic,715634
4509,6,4.0,1,2.0,2003,21,1,0,12.326022986273356,Waterfront,927859
1894,4,3.0,2,0.0,1992,32,0,0,9.273103295828696,Historic,297207
4781,2,,1,0.0,1988,36,1,1,20.61088308716409,Waterfront,810975
1769,3,4.0,3,2.0,2010,14,1,0,6.629818708790237,Historic,335565
4214,5,1.0,1,1.0,1991,33,0,0,24.06898258111533,Historic,574176
1029,3,1.0,1,2.0,1967,57,0,1,24.189596242640416,Countryside,65982
4123,3,2.0,1,0.0,1972,52,0,1,12.750212408398205,Historic,552482
3458,2,3.0,1,2.0,2003,21,0,1,8.864666321834605,Suburbs,427119
3414,3,2.0,1,0.0,1979,45,0,1,8.87440635692604,Countryside,324999
4091,6,4.0,3,2.0,2007,17,0,0,14.727594057888199,Historic,635035
2647,1,2.0,2,2.0,2017,7,1,1,21.727587130106084,Downtown,481110
3869,4,1.0,1,1.0,2016,8,1,1,11.086626384318834,Suburbs,517438
1439,1,4.0,3,0.0,2020,4,0,0,18.49627869100367,Suburbs,150139
1025,5,1.0,1,1.0,1967,57,0,0,11.783291587186532,Suburbs,137687
501,4,3.0,1,0.0,1956,68,1,0,9.483434079965807,Countryside,72651
874,3,1.0,2,2.0,1989,35,1,1,1.2333557195159277,Historic,212750
2840,5,1.0,1,0.0,2019,5,1,0,0.6154661191940238,Historic,488350
4505,4,2.0,3,1.0,2014,10,0,1,7.2026264960441315,Downtown,825711
3552,6,1.0,3,1.0,2017,7,0,0,12.488985460629365,Downtown,641883
2865,6,4.0,2,1.0,1998,26,1,0,25.61220443718078,Suburbs,345911
2025,6,4.0,1,0.0,2001,23,0,1,24.05528516644755,Downtown,367792
4976,6,3.0,3,1.0,1978,46,0,0,8.381375246345701,Countryside,504173
2146,3,4.0,1,1.0,1970,54,0,0,7.71394306803683,Historic,324876
513,1,2.0,1,1.0,1958,66,1,0,7.206001096565809,Suburbs,48288
2778,4,3.0,1,2.0,1996,28,1,0,10.507501545601576,Downtown,532080
3655,3,4.0,2,2.0,1991,33,0,0,15.196862227069719,Countryside,406369
629,6,2.0,1,0.0,2000,24,0,1,13.440699274931477,Countryside,67636
4314,1,4.0,3,0.0,2005,19,0,1,6.939059364054066,Downtown,783836
3716,5,4.0,1,1.0,2000,24,0,0,4.348316593336732,Historic,599432
3438,5,1.0,3,2.0,2019,5,0,1,0.8710454683427638,Downtown,708024
4428,5,4.0,1,1.0,1969,55,1,1,5.041915540661864,Suburbs,616402
2540,6,4.0,3,1.0,1976,48,0,1,21.308012920726487,Downtown,457510
527,5,2.0,3,2.0,1987,37,0,0,7.687337795694696,Countryside,81666
2613,2,2.0,1,2.0,2021,3,0,0,14.32375339858454,Downtown,448132
1752,4,1.0,1,2.0,2014,10,1,0,17.94338389323572,Historic,279005
4856,4,4.0,3,0.0,2003,21,1,1,26.66180663353241,Waterfront,917817
2546,6,1.0,2,0.0,1973,51,0,1,26.721225402605874,Downtown,361136
4523,2,4.0,1,1.0,1996,28,1,0,22.49914514360009,Historic,616954
4896,3,3.0,2,0.0,2020,4,1,0,1.537131265430792,Historic,757929
3874,3,3.0,1,2.0,2012,12,1,1,17.46457736301974,Countryside,389380
3966,5,1.0,1,2.0,2006,18,1,1,23.70421238952944,Historic,606670
3581,1,1.0,1,0.0,2004,20,1,0,1.0099973205192145,Historic,558249
4278,3,1.0,1,1.0,2009,15,1,1,16.71569610286906,Historic,627742
1129,1,2.0,2,1.0,2011,13,0,1,25.80404230068787,Historic,121454
769,4,2.0,1,0.0,1979,45,1,1,14.486011237346874,Suburbs,88577
3139,1,2.0,3,1.0,1971,53,1,1,0.6211329854747294,Suburbs,407963
2493,4,1.0,3,1.0,1978,46,0,1,0.82489407090042,Countryside,286046
3391,2,4.0,2,1.0,1990,34,0,1,12.790763103705642,Downtown,605882
3932,2,3.0,1,2.0,1991,33,0,1,5.07275568879426,Historic,603793
1780,6,1.0,3,2.0,2014,10,0,0,20.101294384251158,Downtown,356739
2860,6,2.0,2,0.0,1980,44,1,0,21.409578314731544,Downtown,500243
1075,5,2.0,1,2.0,1979,45,1,1,5.7474539660885435,Countryside,180881
1807,3,1.0,3,1.0,1967,57,1,1,26.711732011472304,Historic,227331
3692,5,,3,2.0,1966,58,1,1,13.536281426878313,Historic,604127
3678,4,2.0,2,0.0,1987,37,0,0,4.71395427396175,Waterfront,726770
3234,5,4.0,1,2.0,1963,61,1,0,23.045422143047166,Downtown,550233
2712,1,2.0,1,1.0,2005,19,1,1,23.8042477504948,Downtown,431025
2852,4,2.0,3,1.0,1971,53,0,0,19.359216443630995,Suburbs,312446
4068,6,1.0,3,0.0,2016,8,1,1,25.67723381947532,Waterfront,742029
2155,2,4.0,3,,2005,19,1,1,22.252502674904804,Suburbs,270354
2079,6,2.0,1,2.0,1968,56,1,1,26.52506924819622,Suburbs,244732
2703,3,2.0,2,2.0,2006,18,1,1,13.299697430321643,Suburbs,375581
1890,4,3.0,2,1.0,1993,31,0,1,22.55411527893355,Countryside,167372
2242,4,1.0,1,0.0,1984,40,0,1,29.99267112115681,Countryside,173312
2425,1,3.0,2,2.0,1950,74,0,1,21.885470326828766,Suburbs,258316
1119,3,3.0,3,1.0,2001,23,0,0,3.8684215169953986,Waterfront,260210
1774,2,2.0,2,1.0,2019,5,0,1,15.790402311660898,Downtown,308472
1456,4,1.0,2,1.0,1986,38,1,0,17.826759841669325,Waterfront,262440
2439,4,4.0,2,2.0,2014,10,1,1,5.639214914606034,Historic,459453
4453,1,2.0,3,2.0,2000,24,0,1,28.905303208252107,Countryside,388382
2881,5,4.0,1,2.0,1950,74,0,0,5.679603440221181,Downtown,534215
1468,2,4.0,3,2.0,1970,54,0,0,5.737958631540072,Downtown,280716
1816,6,1.0,1,2.0,2002,22,1,1,27.49743057024937,Historic,262622
1543,3,3.0,1,2.0,1965,59,0,0,14.223560277089296,Historic,224888
781,4,1.0,1,2.0,2010,14,1,1,2.3640542385982277,Suburbs,182037
3344,4,4.0,2,2.0,2003,21,1,1,18.146531248186594,Countryside,378547
1558,6,2.0,2,2.0,1989,35,1,0,18.25387728467491,Countryside,164392
4793,2,4.0,1,1.0,1975,49,1,0,2.4027723812535733,Waterfront,920463
3032,5,2.0,1,2.0,2014,10,0,0,29.18941362119303,Suburbs,351729
4328,4,2.0,2,0.0,2013,11,1,0,16.54888397618998,Suburbs,530682
1508,2,1.0,3,1.0,1992,32,1,1,17.013973804303046,Suburbs,199481
1729,6,4.0,1,2.0,1966,58,0,0,15.843404727820639,Suburbs,235418
1535,1,3.0,3,0.0,2008,16,1,0,18.51658749951629,Countryside,152509
775,5,4.0,2,2.0,1972,52,1,0,8.296842706825771,Countryside,146782
3240,3,4.0,1,0.0,1956,68,1,0,8.973619765257803,Suburbs,410540
2789,4,3.0,3,0.0,1993,31,0,0,15.584503148985917,Waterfront,508448
1739,2,1.0,3,0.0,2002,22,1,1,24.2972327155256,Downtown,265600
625,1,4.0,3,0.0,2020,4,1,1,1.9710050065782763,Downtown,199863
4565,3,4.0,2,1.0,1983,41,0,0,18.300424260497255,Waterfront,794634
4812,2,2.0,2,1.0,1995,29,0,0,24.29995520393626,Suburbs,511554
4368,2,,3,0.0,2017,7,1,1,5.129059525098201,Countryside,479174
1708,3,3.0,3,2.0,1965,59,1,0,0.9431649884267057,Downtown,395837
3749,1,2.0,2,0.0,2020,4,0,1,9.725042206673013,Historic,545494
1418,6,1.0,3,1.0,1968,56,1,1,17.850239348523147,Historic,260937
4423,1,2.0,3,2.0,1951,73,0,0,4.579353615440057,Waterfront,800635
4903,5,3.0,2,1.0,1959,65,1,1,13.070609943688323,Suburbs,595341
2469,4,3.0,3,1.0,1999,25,0,0,16.7934841725412,Downtown,445533
3293,3,2.0,3,2.0,1961,63,1,0,18.167051295340855,Suburbs,392969
1391,6,1.0,3,0.0,2019,5,0,1,8.595145769511067,Downtown,319820
4970,3,2.0,2,0.0,1971,53,0,1,12.300874261595595,Waterfront,864333
2533,3,1.0,3,0.0,1981,43,0,0,23.46100725749298,Waterfront,391796
1864,1,2.0,2,0.0,1950,74,0,1,28.26583347656022,Historic,158252
628,4,3.0,2,2.0,2003,21,0,0,25.925469767988588,Suburbs,70104
1514,5,4.0,1,2.0,2007,17,1,1,17.14636330113624,Historic,300388
2299,2,4.0,1,2.0,2019,5,1,1,12.603637686846422,Suburbs,338585
2018,2,1.0,3,1.0,1967,57,0,0,10.322220123956837,Historic,276672
4681,3,1.0,2,2.0,1955,69,1,0,4.186218699478532,Countryside,455052
1698,4,1.0,1,0.0,1994,30,1,0,3.643261792875333,Countryside,203619
4373,6,3.0,3,1.0,1972,52,1,1,20.8065499349529,Countryside,461343
2974,1,2.0,1,0.0,1972,52,1,0,8.163935277049232,Countryside,265465
3985,4,3.0,1,0.0,1975,49,1,0,8.012519749757182,Downtown,693086
4549,4,4.0,2,2.0,1956,68,1,1,29.946754107094677,Countryside,446535
4219,1,1.0,2,2.0,1993,31,0,1,6.043815757276964,Waterfront,786846
802,3,2.0,1,0.0,1976,48,1,0,4.8677629049204745,Waterfront,164903
4452,4,4.0,1,0.0,1975,49,1,0,3.411214218917658,Downtown,816797
1486,2,4.0,2,1.0,1985,39,1,0,17.604257682420485,Countryside,139227
2363,1,4.0,3,2.0,2004,20,0,0,19.021982867061993,Countryside,229210
4940,6,3.0,2,1.0,2013,11,1,1,11.274223824578018,Countryside,529383
3572,5,1.0,1,1.0,2006,18,1,1,16.294693397588297,Historic,549194
3624,3,4.0,3,1.0,2018,6,1,0,23.757786162874922,Suburbs,470262
1827,1,1.0,1,0.0,2010,14,0,0,24.634072965491576,Historic,151777
2908,5,3.0,3,1.0,1951,73,1,0,28.758406233611623,Suburbs,337506
4173,5,4.0,1,1.0,2004,20,0,1,24.8159055847248,Countryside,418431
3791,6,3.0,3,0.0,1987,37,1,0,17.162822383164084,Countryside,379415
4533,4,3.0,3,2.0,1978,46,0,0,5.799880492186957,Historic,720338
1203,6,1.0,1,2.0,1975,49,0,1,3.4430249522338507,Historic,223851
1074,4,4.0,3,1.0,1984,40,0,1,2.1081007523703463,Suburbs,183655
3732,4,3.0,2,0.0,2016,8,1,0,20.16251203766882,Waterfront,683401
3132,1,4.0,1,2.0,1978,46,0,0,24.322319534240798,Suburbs,351142
4328,1,1.0,2,1.0,1983,41,0,1,15.506176545180331,Historic,569435
3730,3,,1,1.0,1990,34,0,0,2.1140681575923783,Historic,602111
988,4,,3,0.0,1990,34,0,0,16.296381950444477,Downtown,143365
1847,5,4.0,3,1.0,1972,52,1,1,28.104603214974237,Historic,285615
4181,2,,3,2.0,2020,4,1,1,18.129589132507583,Downtown,778394
3673,3,1.0,1,0.0,1952,72,1,1,24.37811090965304,Waterfront,597206
2167,1,2.0,2,2.0,2007,17,1,0,24.104503127556644,Suburbs,240216
2137,6,3.0,2,2.0,1981,43,0,1,27.99780844352926,Suburbs,275582
4614,3,4.0,1,2.0,1980,44,1,1,23.22174858667126,Downtown,783297
4053,3,4.0,1,1.0,1992,32,0,0,22.55716516338614,Suburbs,454719
1500,3,,2,1.0,1956,68,1,0,7.406028616633897,Historic,260103
1350,3,1.0,2,2.0,1950,74,1,1,2.2677920819719026,Countryside,168743
1888,2,1.0,2,2.0,2010,14,1,1,15.769184219087327,Downtown,376320
4212,6,1.0,2,0.0,1963,61,0,0,4.170809134429279,Suburbs,525487
1867,6,2.0,1,0.0,2001,23,1,0,28.884778350200744,Downtown,285476
1321,6,2.0,1,1.0,1955,69,1,1,9.052780497674343,Downtown,286727
954,4,4.0,3,1.0,1959,65,1,1,25.661853999836648,Countryside,86081
2124,5,1.0,2,0.0,2020,4,0,0,11.93492644347255,Historic,318361
3272,6,3.0,3,2.0,1979,45,1,1,10.034230370792635,Downtown,671930
4226,3,4.0,1,1.0,1970,54,1,0,28.087177885110325,Suburbs,506331
3647,3,3.0,1,2.0,2009,15,0,1,11.218015876543607,Waterfront,706532
4589,6,4.0,3,0.0,2012,12,0,0,12.013493305562525,Downtown,819274
2690,6,2.0,2,1.0,1991,33,1,0,3.6297074985808204,Downtown,551273
1416,3,4.0,2,1.0,2000,24,1,1,20.278176625834025,Countryside,163790
4486,4,2.0,2,0.0,2013,11,1,1,9.020762727086648,Historic,711571
3375,1,4.0,2,1.0,2005,19,0,0,17.775322951265462,Waterfront,609174
1940,1,1.0,3,0.0,1990,34,0,1,17.94487526956968,Suburbs,210941
4900,6,3.0,3,1.0,1981,43,0,1,21.716391020075125,Waterfront,886975
1235,2,1.0,1,0.0,1964,60,1,1,22.484623842087018,Suburbs,100346
4068,6,4.0,2,1.0,2011,13,0,0,15.676346814845413,Historic,611244
3838,6,4.0,2,2.0,1976,48,1,1,10.264262454300388,Suburbs,554937
3515,1,4.0,2,2.0,1977,47,0,1,25.20480139762465,Countryside,285870
3389,3,2.0,3,2.0,2013,11,0,0,9.641036657550298,Countryside,335355
1461,6,3.0,2,1.0,2008,16,0,1,15.471518286845278,Countryside,165847
3489,3,3.0,3,1.0,2007,17,1,1,12.336951204509976,Countryside,384594
4348,3,4.0,2,2.0,1951,73,1,0,25.7248123861058,Waterfront,751303
1526,2,4.0,2,,1985,39,1,0,13.241596668801948,Historic,251195
4365,3,2.0,1,0.0,2020,4,1,1,11.889926070705787,Suburbs,551947
3363,1,1.0,2,0.0,1962,62,0,1,20.849798940480305,Suburbs,346602
3001,4,1.0,2,0.0,1964,60,1,0,18.27201274091256,Countryside,256335
2447,4,3.0,1,2.0,2009,15,0,0,3.663781588127459,Countryside,265911
1677,5,2.0,3,2.0,1971,53,1,1,15.490979787146914,Downtown,368587
511,6,4.0,3,2.0,2012,12,1,1,22.196612455830806,Historic,156912
4899,1,3.0,2,0.0,1974,50,0,1,29.76620555544501,Waterfront,790783
3864,3,2.0,3,1.0,1997,27,0,0,19.059831602124415,Suburbs,454870
3522,4,1.0,2,2.0,1992,32,1,1,11.423645460018873,Downtown,656412
3871,1,2.0,1,1.0,1987,37,1,0,7.171472194162493,Downtown,678164
3330,4,1.0,1,1.0,1990,34,0,0,26.248491907522947,Suburbs,367768
542,3,2.0,2,1.0,1994,30,0,0,24.52967375734833,Waterfront,61367
1443,4,3.0,1,0.0,1989,35,0,1,7.400723212991854,Downtown,275942
2890,6,1.0,1,1.0,1966,58,0,1,6.418646659323917,Downtown,542892
3045,6,3.0,2,2.0,2006,18,0,1,21.59653491592968,Historic,440139
2911,5,3.0,2,0.0,1951,73,1,0,9.791085826603403,Waterfront,570554
1504,5,1.0,1,2.0,2011,13,1,1,9.538764551677756,Downtown,338505
520,4,1.0,3,2.0,1958,66,1,0,4.99256228849583,Waterfront,169434
906,1,4.0,3,0.0,2017,7,1,0,8.287277831439983,Suburbs,137618
1514,6,4.0,2,,1966,58,0,0,13.111472948983163,Countryside,152376
4931,1,4.0,2,2.0,1999,25,0,0,22.118730949536257,Downtown,809904
2338,1,3.0,3,,1989,35,0,0,10.421088785205617,Historic,304833
3688,4,3.0,1,2.0,2007,17,1,0,10.19382801465536,Suburbs,492483
1214,1,4.0,3,1.0,1970,54,0,1,8.904940950296856,Waterfront,226261
4646,6,3.0,3,2.0,1967,57,0,0,14.609368191575768,Suburbs,583566
4354,3,3.0,3,1.0,2004,20,1,1,5.828782589268802,Downtown,840749
4919,5,1.0,3,2.0,1978,46,1,0,14.826106653947702,Waterfront,928354
640,3,1.0,2,0.0,1973,51,1,1,21.27317890774335,Countryside,50703
1463,1,3.0,2,0.0,1966,58,0,1,1.3788198689623543,Suburbs,199513
872,3,4.0,1,2.0,1967,57,0,1,0.788491719019975,Downtown,210375
4135,6,2.0,1,0.0,1991,33,1,1,2.716125849558022,Historic,670970
3041,6,4.0,1,2.0,1994,30,1,0,16.301971820979304,Waterfront,647561
4110,1,2.0,1,,1966,58,0,0,25.7064249539694,Suburbs,410889
2192,4,4.0,3,1.0,2022,2,1,0,0.6440917475974324,Suburbs,368744
605,3,1.0,2,2.0,1963,61,0,0,28.13150848524809,Countryside,21687
2181,4,3.0,2,1.0,1998,26,1,1,3.6352160913308063,Countryside,252281
4597,4,3.0,1,1.0,1978,46,1,1,25.338514077717676,Historic,645736
4516,2,1.0,1,2.0,1953,71,1,1,14.74421556699693,Historic,652655
3136,1,2.0,3,1.0,1969,55,0,0,19.951042924725897,Downtown,436543
2637,5,2.0,3,2.0,1996,28,0,1,15.56514804119188,Downtown,490672
3916,6,2.0,1,1.0,1958,66,1,0,14.572922642790962,Historic,572862
4945,6,1.0,2,2.0,1976,48,0,1,25.129533136749547,Historic,722271
4030,1,2.0,2,2.0,1964,60,1,1,22.798648197250582,Waterfront,702997
1786,5,1.0,2,0.0,1968,56,1,1,14.760365977428624,Countryside,200299
3679,6,4.0,1,2.0,2001,23,0,1,3.793259917183817,Downtown,735253
4154,1,4.0,2,2.0,1975,49,0,1,3.90438729977504,Countryside,425705
2859,6,1.0,3,1.0,1975,49,0,0,24.145414091212725,Countryside,255541
944,4,3.0,3,2.0,1975,49,0,1,16.117023329752236,Historic,154968
535,3,4.0,1,0.0,1995,29,1,0,14.706879636471196,Waterfront,158138
1975,3,2.0,3,1.0,1998,26,0,0,20.576721820141096,Suburbs,235377
4457,6,1.0,1,1.0,2002,22,0,0,25.835826710720678,Waterfront,757005
2298,2,2.0,2,0.0,1952,72,1,0,19.051757760192505,Waterfront,400496
2345,5,2.0,2,1.0,2015,9,1,0,23.00401311922113,Countryside,233835
1908,5,3.0,2,1.0,1991,33,1,0,23.07548046145023,Waterfront,366667
2208,5,2.0,3,1.0,1968,56,1,0,11.009712739392292,Downtown,435397
3438,4,3.0,1,1.0,1966,58,0,0,8.585454271409374,Countryside,315173
1800,5,4.0,2,0.0,1982,42,0,1,24.13433998166718,Downtown,276825
1743,3,1.0,1,0.0,1998,26,1,1,11.626774357635183,Suburbs,251002
4476,4,2.0,2,1.0,2005,19,1,0,27.1484121924198,Countryside,420767
3597,1,1.0,3,1.0,2012,12,0,0,2.555875553538529,Suburbs,471952
509,5,2.0,3,0.0,1952,72,0,0,2.21741660622252,Countryside,61540
2925,5,1.0,1,0.0,1998,26,0,1,27.846622722991544,Historic,377126
2160,1,2.0,3,0.0,2004,20,0,1,19.629419968352327,Waterfront,379746
3131,5,2.0,3,1.0,1975,49,0,0,11.698181015225803,Historic,478313
1572,1,2.0,1,1.0,2021,3,1,0,22.774282237077394,Suburbs,168644
3725,4,2.0,2,2.0,2001,23,1,1,20.333640894812415,Waterfront,707498
1816,3,2.0,3,0.0,1956,68,1,1,16.17043088117809,Countryside,164248
4645,1,2.0,1,1.0,1995,29,1,0,3.416763608548215,Waterfront,900097
4183,2,2.0,3,0.0,1995,29,0,0,24.45929782513617,Downtown,651397
3773,1,2.0,3,1.0,1965,59,1,0,26.04768412507843,Waterfront,597945
645,5,2.0,3,0.0,1973,51,0,0,5.578976312303149,Downtown,144335
3540,4,1.0,3,1.0,2010,14,0,1,25.590093733323467,Waterfront,620042
1962,6,3.0,1,2.0,2003,21,0,1,26.396495674988643,Downtown,350192
2084,4,2.0,1,2.0,2011,13,0,0,16.708144062511224,Suburbs,253402
982,6,3.0,1,0.0,1950,74,0,0,19.857281568569267,Historic,127188
3679,1,2.0,3,1.0,1998,26,0,0,11.776000940427496,Countryside,350501
1749,3,2.0,3,1.0,1974,50,0,1,8.812853601523347,Waterfront,349763
1130,2,1.0,3,0.0,1959,65,1,0,21.79850283507352,Historic,101875
1161,4,4.0,1,1.0,1965,59,0,0,25.925316895966343,Countryside,71420
4003,5,4.0,3,0.0,2007,17,1,0,19.79528781219455,Countryside,449041
3352,6,1.0,2,1.0,2021,3,1,1,15.5919230140732,Downtown,668151
2966,5,3.0,3,0.0,1978,46,0,0,5.188280621903061,Suburbs,389309
1487,3,4.0,2,1.0,1955,69,0,1,2.0770320218421356,Suburbs,238703
2046,6,1.0,3,0.0,1965,59,1,0,13.64790781227902,Historic,335082
1149,4,1.0,1,1.0,1969,55,1,0,1.9558121290739274,Suburbs,168134
1468,1,4.0,3,2.0,2020,4,1,0,17.29537164126314,Waterfront,303036
3137,5,3.0,2,1.0,1992,32,1,1,11.790511143874253,Suburbs,443098
1600,3,1.0,2,0.0,1975,49,0,0,22.8370790306181,Historic,170687
940,4,2.0,3,2.0,2020,4,0,0,9.516630656667411,Suburbs,155220
1269,4,3.0,2,1.0,1982,42,0,1,17.992989678539246,Waterfront,246769
1843,4,3.0,2,2.0,1975,49,1,1,16.361663891775464,Downtown,338967
4858,4,4.0,1,1.0,1994,30,0,1,0.6390165529061143,Historic,778176
4229,6,4.0,3,2.0,2012,12,1,0,2.6354872487971552,Downtown,850219
4406,4,2.0,3,0.0,2016,8,0,1,9.065862268337606,Downtown,775041
2077,5,1.0,3,1.0,2001,23,1,0,26.52593489011257,Downtown,338225
4508,3,4.0,2,1.0,2017,7,0,1,4.836941169543468,Countryside,486208
3851,6,4.0,3,0.0,1975,49,0,1,21.471382748585977,Countryside,366036
2849,4,3.0,3,2.0,1951,73,1,1,29.214313701492475,Downtown,447560
4102,2,4.0,1,0.0,1963,61,1,0,23.82174280438908,Historic,553488
1741,2,4.0,1,0.0,1979,45,1,0,7.666888169767796,Waterfront,365020
1625,3,4.0,1,2.0,1998,26,1,0,27.296775182185907,Waterfront,299247
3101,1,4.0,2,0.0,1961,63,1,0,3.2466611169975073,Suburbs,419906
1690,1,3.0,3,1.0,1993,31,0,0,14.310187285186705,Historic,255581
4631,6,2.0,1,1.0,1982,42,1,0,26.682486277929204,Countryside,432426
4948,6,2.0,1,1.0,1962,62,0,0,19.41733842307766,Downtown,820793
572,6,1.0,1,0.0,1975,49,0,0,12.702514659467116,Suburbs,63657
2414,1,4.0,3,1.0,1970,54,0,0,9.137979568746479,Waterfront,454330
2972,2,3.0,3,1.0,1977,47,0,1,11.565432456891324,Countryside,292577
3546,1,1.0,3,1.0,1997,27,0,1,15.513782539773944,Countryside,319752
1207,5,1.0,2,1.0,1989,35,1,0,9.911795931247818,Downtown,277647
2304,4,2.0,2,1.0,2015,9,1,0,29.08455193142784,Waterfront,407856
4213,6,3.0,1,1.0,2022,2,0,0,28.02579076545128,Historic,591826
3064,2,3.0,3,0.0,1972,52,0,0,26.184808312322463,Countryside,242219
2975,3,3.0,1,1.0,1997,27,1,1,12.943980147918275,Downtown,538286
4110,3,2.0,3,1.0,1951,73,1,1,20.893402195389253,Historic,566997
4755,4,2.0,3,2.0,1969,55,0,0,27.133464557560956,Waterfront,803886
3323,2,2.0,3,0.0,2008,16,1,1,25.587669886528378,Countryside,315192
2235,1,2.0,2,0.0,1995,29,1,1,12.722646913596126,Historic,331599
2085,1,2.0,2,0.0,1952,72,1,0,3.815388455006691,Historic,296731
566,5,4.0,3,0.0,2004,20,0,0,2.731095733119209,Historic,176904
3561,5,4.0,1,1.0,1961,63,1,0,17.523389334158228,Countryside,323640
2928,1,3.0,3,1.0,1989,35,0,0,19.457524088722483,Countryside,265781
4653,3,1.0,3,2.0,2015,9,0,1,25.570356835612213,Suburbs,550007
841,6,3.0,1,2.0,1965,59,0,0,9.129193100060416,Waterfront,187995
3274,3,1.0,3,0.0,1983,41,0,1,5.440379471226254,Downtown,580949
3317,5,2.0,1,2.0,1993,31,0,0,11.680672078756885,Historic,506101
3161,4,1.0,2,2.0,1955,69,1,1,10.930466147152114,Suburbs,428734
1732,1,3.0,2,0.0,2013,11,0,0,4.407834143526715,Downtown,328184
4374,5,3.0,1,0.0,1971,53,0,0,20.332338249137987,Suburbs,528974
2901,5,1.0,2,2.0,1967,57,0,1,15.50641225151659,Countryside,280030
1994,6,4.0,2,,1961,63,1,1,21.773121305385605,Historic,338301
4711,1,2.0,1,2.0,2001,23,1,1,10.904388045007174,Downtown,817061
1161,6,2.0,2,2.0,2000,24,1,0,10.108215241542217,Downtown,288133
4383,1,3.0,3,1.0,2020,4,1,1,14.440987664793742,Downtown,779313
4119,6,,3,1.0,1997,27,1,1,26.383516689156835,Downtown,749117
2368,3,1.0,1,0.0,1968,56,1,1,1.68829854865242,Downtown,451207
2834,4,2.0,2,0.0,1955,69,1,1,24.242568110245927,Suburbs,303343
3874,4,4.0,3,2.0,1976,48,0,1,11.385134573403816,Historic,619142
1516,1,2.0,3,1.0,2002,22,0,1,25.711261260760093,Countryside,113321
4906,2,4.0,2,0.0,1997,27,1,1,24.164988760657767,Countryside,453928
707,5,4.0,2,2.0,1956,68,0,1,10.788456798184606,Countryside,97802
3165,5,3.0,3,1.0,2008,16,0,1,20.969357791987672,Countryside,299360
2993,1,2.0,3,2.0,2018,6,1,0,5.209166324816484,Suburbs,429502
1132,6,1.0,1,0.0,1960,64,0,0,26.940305788831747,Waterfront,122194
2602,2,3.0,1,0.0,1964,60,0,1,12.432486401331328,Historic,352224
3459,3,3.0,3,1.0,2013,11,1,0,13.940955652978406,Downtown,635352
3583,6,1.0,1,2.0,1952,72,0,0,21.319892005591054,Waterfront,638203
2431,6,3.0,3,1.0,2018,6,1,1,24.714786982793104,Countryside,291243
4219,1,4.0,3,0.0,1972,52,1,1,7.472110928182183,Waterfront,822556
3062,1,4.0,1,0.0,2002,22,0,1,20.009829126371365,Historic,410816
2179,5,2.0,1,2.0,1986,38,0,1,12.06394229472988,Downtown,393869
736,1,2.0,2,2.0,1958,66,0,1,11.376736258116859,Downtown,113426
4943,1,1.0,2,2.0,1964,60,1,1,20.855761806249312,Historic,694227
2040,1,2.0,2,1.0,1952,72,1,0,11.921906587600063,Historic,291830
4443,5,4.0,3,2.0,2019,5,1,1,10.710200754850025,Countryside,506691
863,3,1.0,1,2.0,1966,58,0,0,25.15870803972415,Downtown,60320
2868,3,1.0,3,0.0,1975,49,0,1,3.4876456530146878,Waterfront,538264
785,1,2.0,1,0.0,1970,54,1,1,20.438832373491216,Suburbs,51491
648,5,4.0,3,2.0,2021,3,0,0,7.837399116823427,Suburbs,159833
4537,3,1.0,2,2.0,1970,54,0,1,0.9571981338726141,Historic,709936
2266,6,4.0,2,0.0,1960,64,1,1,5.419545931744414,Countryside,278948
1512,3,4.0,2,2.0,1987,37,1,0,18.3965151283881,Suburbs,210265
3331,3,4.0,3,1.0,2021,3,0,1,21.419252148835152,Downtown,552859
3007,5,2.0,1,1.0,1984,40,1,0,1.1212046149114412,Historic,483483
2023,6,3.0,1,1.0,1963,61,0,1,1.5745505774007444,Waterfront,445701
3285,5,3.0,2,2.0,1963,61,1,1,27.124992387867117,Historic,481861
3056,1,1.0,2,0.0,1959,65,1,0,2.662521634354735,Waterfront,574153
4225,4,4.0,2,2.0,1961,63,1,1,26.87837367918885,Historic,614204
2101,3,2.0,2,2.0,1987,37,0,0,7.23089445565172,Historic,318873
2908,4,4.0,1,0.0,1983,41,0,0,22.330525104667277,Historic,396894
840,5,4.0,3,0.0,1990,34,1,0,9.637130843907356,Waterfront,230574
3317,5,2.0,3,,1959,65,1,1,25.833184755470924,Waterfront,571529
2996,5,3.0,3,1.0,1966,58,1,1,21.163418530018557,Historic,431816
2225,4,4.0,3,2.0,1966,58,0,0,12.353497028750008,Suburbs,293217
2189,5,4.0,2,0.0,2016,8,1,1,2.7509223981353466,Countryside,286974
3767,1,3.0,2,2.0,2011,13,1,1,22.114655424188808,Countryside,357214
4906,5,2.0,2,1.0,1950,74,1,1,18.698100300972857,Countryside,489265
761,2,1.0,3,1.0,1961,63,1,0,0.5858956760967678,Waterfront,197415
1942,4,3.0,2,0.0,1953,71,0,1,0.7778857511871371,Waterfront,398543
905,2,1.0,2,0.0,1991,33,0,0,24.359392709184473,Suburbs,51197
2690,5,1.0,1,2.0,1962,62,1,1,8.15229229465469,Countryside,308865
4937,1,3.0,1,0.0,1953,71,0,1,19.265943197977936,Countryside,437626
743,3,4.0,2,2.0,2018,6,0,0,13.8993253830748,Historic,136420
4607,6,1.0,1,0.0,1968,56,0,1,25.971185428392133,Waterfront,770924
1060,6,1.0,1,2.0,1951,73,1,0,27.550352836523416,Countryside,93991
4637,5,2.0,2,2.0,1961,63,0,1,29.905827524026193,Suburbs,496737
3225,1,4.0,2,2.0,1955,69,0,0,5.033682006313781,Suburbs,385426
1093,4,1.0,2,2.0,1957,67,0,1,25.957439371026524,Countryside,88462
2326,2,2.0,2,1.0,2000,24,1,1,8.347630613499653,Waterfront,498248
3729,2,4.0,3,2.0,1960,64,1,1,17.929068309417477,Suburbs,482008
3787,2,3.0,3,0.0,2012,12,0,0,15.420298599141722,Historic,554814
4573,4,3.0,2,1.0,2006,18,0,0,1.030649881385436,Suburbs,608614
633,6,2.0,1,1.0,1961,63,1,0,28.016752757229796,Downtown,62140
3638,1,3.0,2,2.0,2022,2,1,1,2.810648126901944,Downtown,715429
4419,4,1.0,2,1.0,1951,73,0,0,20.802458122528208,Waterfront,704159
572,2,4.0,1,2.0,1957,67,0,0,23.65770166814373,Countryside,42843
